Image_Path,Question,Answer
/content/drive/MyDrive/cifar10_qa_results/cifar10_images/image_0.png,What is the background of this image?,"The background of this image is the wall of a country house, in the summer. The house is open-air, and the background is not visible. The floor is covered with a brown carpet. There is a sofa in the foreground, standing on the dark brown floor. The sofa is not very big, and it has brown, black, and red cushions. There is a table in the middle of the image. The table is made of wood, and it is painted in blue"
/content/drive/MyDrive/cifar10_qa_results/cifar10_images/image_0.png,What is the main object in this image?,The main object in this image is a book. The book is laying on a white surface. The book has a white spine. The book has a blue cover. The book has a blue title. The book has a blue author. The book has a blue image. The image is of the sky. The sky is blue with clouds. The clouds are white with blue. The book is open. The book has a white page. The page has a blue image. The image is of a person
/content/drive/MyDrive/cifar10_qa_results/cifar10_images/image_0.png,What is the texture of the main object?,The main object is a matte.
/content/drive/MyDrive/cifar10_qa_results/cifar10_images/image_0.png,What is the size of the main object in the image?,"The main object in the image is not specified, but it is mentioned that the image might be blurred. Therefore, we cannot determine the size of the main object without more detailed information. However, we can say that the image might be blurred.<image><row_3_col"
/content/drive/MyDrive/cifar10_qa_results/cifar10_images/image_0.png,Are there any interesting details in the background?,Yes. There are some objects in the background.
/content/drive/MyDrive/cifar10_qa_results/cifar10_images/image_0.png,What is the perspective or angle of the image?,The image is a top-down view of a collection of objects.
/content/drive/MyDrive/cifar10_qa_results/cifar10_images/image_0.png,Is this image clear or blurry?,This is blurry.
/content/drive/MyDrive/cifar10_qa_results/cifar10_images/image_1.png,Are there any people or animals in this image?,"No, there are no people or animals in this image. The image is a digital creation, and there are no living organisms depicted in this image."
/content/drive/MyDrive/cifar10_qa_results/cifar10_images/image_1.png,What is the focal point of this image?,The focal point of this image is in the upper right corner. The background is blurred. There is a red and purple object in the foreground. There are some colored spots in the image. The image is of a person. The person is wearing a red shirt. The person is not smiling. The person has purple hair. There is a light on the person. There is a dark background. There is no cat in the image. There is no dog in the image. There is no car in
/content/drive/MyDrive/cifar10_qa_results/cifar10_images/image_1.png,What is the size of the main object in the image?,The main object in the image is blurry.
/content/drive/MyDrive/cifar10_qa_results/cifar10_images/image_1.png,What is the lighting condition in this image?,The image is slightly illuminated.
/content/drive/MyDrive/cifar10_qa_results/cifar10_images/image_1.png,What is the texture of the main object?,The texture is blur.
/content/drive/MyDrive/cifar10_qa_results/cifar10_images/image_1.png,What is the background of this image?,"A red and blue background, with a gradient from left to right with a yellow, red, blue, and purple color. A white and purple background is also visible. The image appears to be a photograph."
/content/drive/MyDrive/cifar10_qa_results/cifar10_images/image_2.png,Is the image symmetrical or asymmetrical?,Asymmetric.
/content/drive/MyDrive/cifar10_qa_results/cifar10_images/image_2.png,What is the depth or layering in this image?,3.0.0.0.0.0.0.0.0.0.0.0.0.0.0.0.0.0.0.0.0.0.0.0.0.0.0.0.0.0.0.0.0.0.0.0.0.0.0.0.0.0.0.0.0.0.0.0.0.0
/content/drive/MyDrive/cifar10_qa_results/cifar10_images/image_2.png,What is the main object in this image?,"The main object in the image is a painted picture of a horse. The horse has a lot of colors such as white, red, green, blue, and purple. The background is white with a small blue cloud. The horse is standing on a brown-red platform. The horse has a long tail and a long neck. The horse is looking to the right side of the image. The horse is standing on its two legs. The horse has brown legs. The horse has a white belly."
/content/drive/MyDrive/cifar10_qa_results/cifar10_images/image_2.png,What colors are prominent in this image?,"The image shows a two-dimensional, high-resolution, abstract, pixelated, and colorful artwork featuring a horse-like, quadricep-muscled, four-legged animal. The animal is drawn with simple lines, has a head facing the left, a torso, and a tail pointing to the right. The animal is predominantly white, with parts of its body being colored in shades of green, blue, pink, red, and yellow. The background is simply blue with a gradient effect"
/content/drive/MyDrive/cifar10_qa_results/cifar10_images/image_2.png,Are there any patterns or repetitive elements?,"Yes, there are several colorful patterns on the image."
/content/drive/MyDrive/cifar10_qa_results/cifar10_images/image_3.png,Are there any patterns or repetitive elements?,"Yes. there are repetitive elements of color and shape. the colors are red, blue, green, and yellow, and the shapes are rectangles and squares. the elements are arranged from left to right. the elements are evenly spaced."
/content/drive/MyDrive/cifar10_qa_results/cifar10_images/image_3.png,What is the size of the main object in the image?,"The main object in the image is a truck. It is a large vehicle that is used for transporting goods and people. Trucks are typically used on roads and highways, and they are often used to transport goods from one place to another. In this image, there is a truck with a large size that could be used for transporting heavy goods. The truck is white in color with a tint of red, green, and blue. The truck has windows and tires. The truck has a road on its"
/content/drive/MyDrive/cifar10_qa_results/cifar10_images/image_3.png,What is the lighting condition in this image?,The light appears to be very bright.
/content/drive/MyDrive/cifar10_qa_results/cifar10_images/image_3.png,What is the focal point of this image?,"The focal point of this image is the truck.

2.0.0.0:101

The focal point of this image is the truck."
/content/drive/MyDrive/cifar10_qa_results/cifar10_images/image_3.png,What time of day does this image appear to be taken?,This image appears to be taken in the early morning.
/content/drive/MyDrive/cifar10_qa_results/cifar10_images/image_3.png,What is the background of this image?,"The image is an animated truck. The truck is in motion. The truck has a design with a lot of colors on it. The truck's design is a combination of blue, green, yellow, red, and purple. The truck is in motion. The truck's design is a combination of blue, green, yellow, red, and purple. The truck is in motion. The truck's design is a combination of blue, green, yellow, red, and purple. The truck is in motion"
/content/drive/MyDrive/cifar10_qa_results/cifar10_images/image_3.png,Are there any interesting details in the background?,"Yes. There are many colorful, multi-colored objects in the background."
/content/drive/MyDrive/cifar10_qa_results/cifar10_images/image_4.png,What is the mood or atmosphere of this image?,"The image depicts two people participating in an activity, with a focus on the two individuals. The individuals are identified as ""A"" and ""B.""

The image is edited with a blur effect, which is somewhat transparent and lightens the color of the subjects, such that the original colors of the subjects' clothing are still recognizable. The blur effect is most noticeable in the lower right-hand corner, where ""B"" and ""A"" are standing.

""A"" is positioned"
/content/drive/MyDrive/cifar10_qa_results/cifar10_images/image_4.png,Is this image clear or blurry?,The image is blurry.
/content/drive/MyDrive/cifar10_qa_results/cifar10_images/image_4.png,What is the size of the main object in the image?,"The main object in the image is a toy boat.
The size of the toy boat is medium.
The size of the toy boat is small.
The size of the toy boat is large.
The size of the toy boat is tiny.
The size of the toy boat is medium-small.
The size of the toy boat is medium-large.
The size of the toy boat is small-medium.
The size of the toy boat is small-large."
/content/drive/MyDrive/cifar10_qa_results/cifar10_images/image_4.png,Are there any patterns or repetitive elements?,"The word ""and"" appears three times in the text.
The word ""and"" appears once in the text.
The word ""and"" appears 3 times in the text.
The word ""and"" appears 4 times in the text.
The word ""and"" appears 2 times in the text.
The word ""and"" appears 5 times in the text.
The word ""and"" appears 1 time in the text.
The word ""and"""
/content/drive/MyDrive/cifar10_qa_results/cifar10_images/image_4.png,Are there any interesting details in the background?,"Yes. There are two people in the background. The one on the left is wearing a white shirt and the one on the right is wearing a black shirt. The man on the left is standing on a skateboard, while the man on the right is standing next to him. The background is a road with a yellow curb and the ground is covered with grass. The road is surrounded by trees. The image is taken from a low angle. The first person (skater) left the area and"
/content/drive/MyDrive/cifar10_qa_results/cifar10_images/image_5.png,What is the perspective or angle of the image?,"The image appears to be taken from a slightly elevated angle, providing a clear view of the subject and its surroundings. There are no indications of motion blur or any other optical effects that might suggest the image was taken quickly. The image is well-lit, allowing for clear visibility of the subject and its surroundings. The subject appears to be solid and free-standing, without any signs of movement or displacement. The lighting is bright and even, ensuring that all details are clearly visible. Overall, the image"
/content/drive/MyDrive/cifar10_qa_results/cifar10_images/image_5.png,What is the texture of the main object?,The texture of the main object is soft.
/content/drive/MyDrive/cifar10_qa_results/cifar10_images/image_5.png,What is the mood or atmosphere of this image?,"The image is of a toy car which is red in color and is displayed in the center of the image. The car is placed on a grey background, and there is a light coming from the left of the image which has a red, yellow and green color. There are some colorful lines on the car which are blue, red, green and yellow. There is a red color in the background, and there is light coming from the left side of the image. At the bottom of the image,"
/content/drive/MyDrive/cifar10_qa_results/cifar10_images/image_6.png,What time of day does this image appear to be taken?,Morning. 9AM - 11AM. 9AM to 12:30 PM. 6AM to 8AM. 7 AM to 11 AM. 11:30 AM to 1:30 PM. 12:30 PM to 1:30 PM. 12:30 PM to 2:30 PM. 2:30 PM to 3:30 PM.
/content/drive/MyDrive/cifar10_qa_results/cifar10_images/image_6.png,What is the main object in this image?,"This image is an abstract representation of a bird, which is colored with different shades of color. The colors used are blue, yellow, green, pink, and black. The abstract representation of the bird is abstract in nature. The bird is depicted in a way that it is not depicted as a complete bird but cut into smaller parts and depicted in different shades of color. The background of the image is colored in different shades of blue. The bird is placed in such a way that it is cut into"
/content/drive/MyDrive/cifar10_qa_results/cifar10_images/image_6.png,What is the mood or atmosphere of this image?,The mood of this image is playful and colorful.
/content/drive/MyDrive/cifar10_qa_results/cifar10_images/image_6.png,Are there any interesting details in the background?,Yes. There are colorful objects in the background. There are also some green and pink objects in the background. There is also a green object in the background. There are some blue objects in the background. There are some yellow objects in the background. There is also a red object in the background. There is also a black object in the background. There is also a green and yellow object in the background. There is also a blue object in the background. There is also an orange object in the
/content/drive/MyDrive/cifar10_qa_results/cifar10_images/image_6.png,What is the background of this image?,An abstract image of a bird is displayed on a blue background. The bird is multicolored and is in the middle of the image. It is mainly a light blue and yellow bird. The bird has two large wings that are primarily light blue and yellow. The bird's tail is multicolored. The tail feathers are mainly dark blue and white. The bird's head is mainly dark blue and yellow. The bird's beak is mainly light blue and yellow. The bird's eyes are mainly a
/content/drive/MyDrive/cifar10_qa_results/cifar10_images/image_6.png,What is the texture of the main object?,The main object is a painting.
/content/drive/MyDrive/cifar10_qa_results/cifar10_images/image_6.png,Is there any movement visible in the image?,"Yes, there is some movement visible in the image, such as the bird's wings."
/content/drive/MyDrive/cifar10_qa_results/cifar10_images/image_7.png,What is the lighting condition in this image?,"The image is edited with a green background. A brown animal is visible. The animal is not clearly shown, but its outline is.  There is a blue circle on the upper left. There is a blue line on the upper right. The animal has one blue eye and one green eye. There are also green and blue dots on the animal. There is a green and blue dot on the lower left corner. The animal is facing left. The image is not clear."
/content/drive/MyDrive/cifar10_qa_results/cifar10_images/image_7.png,What is the perspective or angle of the image?,45.0 degrees.
/content/drive/MyDrive/cifar10_qa_results/cifar10_images/image_7.png,What is the main object in this image?,"A cartoon tiger. It's in the foreground. The background is green and blurred, showing only a blurred edge of the tiger's body. The tiger has blue eyes and a blue nose. It's standing on its back legs, with its arms hanging down. On its feet, the tiger is wearing a brown harness. The tiger is in a forest, but no trees are visible, just the blurred green background. The tiger is yellow, brown, and black, with white stripes. The tiger's"
/content/drive/MyDrive/cifar10_qa_results/cifar10_images/image_7.png,Is this image clear or blurry?,"Blurry. I can see a few blue circles, which are the edges of the image. However, the background is blurry. I cannot see any other objects in the background but I can see the bluriness."
/content/drive/MyDrive/cifar10_qa_results/cifar10_images/image_8.png,What is the main object in this image?,The main object in this image is a toy.
/content/drive/MyDrive/cifar10_qa_results/cifar10_images/image_8.png,Is this image clear or blurry?,The image is blurry.
/content/drive/MyDrive/cifar10_qa_results/cifar10_images/image_8.png,Is the image symmetrical or asymmetrical?,Asymmetrical.
/content/drive/MyDrive/cifar10_qa_results/cifar10_images/image_8.png,Are there any shadows in the image?,"Yes, there is a shadow in the image."
/content/drive/MyDrive/cifar10_qa_results/cifar10_images/image_8.png,Is the image busy or minimal?,The image is busy.
/content/drive/MyDrive/cifar10_qa_results/cifar10_images/image_8.png,What is the background of this image?,The background of this image is green.
/content/drive/MyDrive/cifar10_qa_results/cifar10_images/image_8.png,What is the depth or layering in this image?,The image is a 3d render.
/content/drive/MyDrive/cifar10_qa_results/cifar10_images/image_8.png,What is the lighting condition in this image?,"The image is outdoor, which is a bright day. This can be seen from the reflection of the sun on the surface of the water. There is a lot of light in the image, which makes the image look very bright. The reflection of the sun on the surface of the water is very strong, which makes the image look very bright. The image is also very colorful, which makes it look very bright. There are a lot of different colors in the image, which makes the image look very"
/content/drive/MyDrive/cifar10_qa_results/cifar10_images/image_9.png,What is the depth or layering in this image?,"The image is a 2-D plane. It has two distinct layers, one over the other. The top layer is a colorful gradient, filled with bright red, green, yellow, blue and purple. The bottom layer is a simple grey gradient. The image is not reflective, but it seems to be an abstract representation of color. The colors are not in a gradient, but rather appear to be randomly scattered, with no discernible pattern."
/content/drive/MyDrive/cifar10_qa_results/cifar10_images/image_9.png,Are there any patterns or repetitive elements?,"No, there are no patterns or repetitive elements in the image."
/content/drive/MyDrive/cifar10_qa_results/cifar10_images/image_9.png,What is the size of the main object in the image?,There is a big object in the image.
/content/drive/MyDrive/cifar10_qa_results/cifar10_images/image_9.png,What is the focal point of this image?,"There is no focal point for the image, as it is a blur.
The image is a blur. the focal point of the image is not identifiable."
/content/drive/MyDrive/cifar10_qa_results/cifar10_images/image_9.png,What colors are prominent in this image?,"Red, blue, green."
/content/drive/MyDrive/cifar10_qa_results/cifar10_images/image_9.png,What is the main object in this image?,There is a figure in this image.
/content/drive/MyDrive/cifar10_qa_results/cifar10_images/image_9.png,What is the texture of the main object?,The main object appears to have a grainy texture.
/content/drive/MyDrive/cifar10_qa_results/cifar10_images/image_10.png,What is the texture of the main object?,The texture of the main object is smooth.
/content/drive/MyDrive/cifar10_qa_results/cifar10_images/image_10.png,Is the image symmetrical or asymmetrical?,Asymmetrical.
/content/drive/MyDrive/cifar10_qa_results/cifar10_images/image_10.png,What is the size of the main object in the image?,The main object in the image is a tap. The size of the tap is 16cm.
/content/drive/MyDrive/cifar10_qa_results/cifar10_images/image_10.png,What is the lighting condition in this image?,The image is in a shadowy condition.
/content/drive/MyDrive/cifar10_qa_results/cifar10_images/image_11.png,Are there any patterns or repetitive elements?,"Yes.
The image is of a multi-colored truck. The truck is colored in an eye-catching and repetitive pattern. The truck is colored in blue, red, yellow, green, and black. The truck is also colored in a similar color scheme, but in a different pattern. The patterns are repeated in a sequence. The truck is also colored in a gradient, with the colors gradually changing from blue to green to red. The truck is also colored in a gradient, with the colors"
/content/drive/MyDrive/cifar10_qa_results/cifar10_images/image_11.png,Is the image symmetrical or asymmetrical?,"The image is asymmetrical.
Reasoning: The image is not symmetrical as it has different colors and shapes on both sides. Symmetry is when the same pattern or design is repeated on both sides of a line. --- Facts: 1. There is a person in the image. 2. The person is holding a book. 3. The person is wearing a hat. 4. The background of the image is a park. Absurd Topics: dance, rainbow, parrot Conversation:"
/content/drive/MyDrive/cifar10_qa_results/cifar10_images/image_11.png,What is the focal point of this image?,"The focal point of this image is a semi-trailer truck with a red and blue gradient. The truck is placed in the middle of the frame and is surrounded by colorful and abstract elements. The background has a mixture of green, yellow, and pink colors. The bottom of the image contains yellow and red elements, and there is some text on the bottom right corner, which seems to be related to the trailer's brand or company. The image contains a variety of abstract shapes and gradients, and"
/content/drive/MyDrive/cifar10_qa_results/cifar10_images/image_11.png,What is the main object in this image?,"The main object in this image is a truck. The truck is multi-colored with bright red, blue, green, white, black and yellow. The truck is also very detailed and has a shiny surface. The truck is facing to the right of the image. The truck has a black wheel on the front of it. The truck is very large and has a long body. The truck also has a black and red stripe on the side of it. There is a small white object in the back"
/content/drive/MyDrive/cifar10_qa_results/cifar10_images/image_12.png,What is the depth or layering in this image?,3.0.0.0.0.0.0.0.0.0.0.0.0.0.0.0.0.0.0.0.0.0.0.0.0.0.0.1.0.0.0.1.2.1.0.0.0.0.0.0.0.0.0.0.0.0.0.0.0.0
/content/drive/MyDrive/cifar10_qa_results/cifar10_images/image_12.png,What is the perspective or angle of the image?,The image is taken from a top-down view.
/content/drive/MyDrive/cifar10_qa_results/cifar10_images/image_12.png,Are there any shadows in the image?,"No, there are no shadows in the image; it is a colorful abstract art piece."
/content/drive/MyDrive/cifar10_qa_results/cifar10_images/image_12.png,Is the image busy or minimal?,The image is minimal.
/content/drive/MyDrive/cifar10_qa_results/cifar10_images/image_12.png,What is the background of this image?,The background of this image is blurry.
/content/drive/MyDrive/cifar10_qa_results/cifar10_images/image_13.png,What is the mood or atmosphere of this image?,The image is taken in a field. The image is of a deer grazing on grass. There are various colors visible. The image looks like a field. The image looks like it is taken during the day. There are no people in the image. There is a blue and yellow color scheme in the image. The image is taken from a low angle. The image looks like an abstract one. The image has a high contrast. The image looks like it is taken from a high angle. The image
/content/drive/MyDrive/cifar10_qa_results/cifar10_images/image_13.png,Are there any interesting details in the background?,"Yes, there is a deer in the background."
/content/drive/MyDrive/cifar10_qa_results/cifar10_images/image_13.png,What is the background of this image?,"The background of this image is a blue-tinted gradient from top to bottom, with visible areas of green, yellow, light green, light blue, dark blue, pink and yellow. The foreground of this image is a brown-tinted deer, standing in a field of grass. The deer appears to be grazing on the grass. This image has a cartoon style. The image is low-resolution with a pixelated background. The image is not very clear but it is easy to"
/content/drive/MyDrive/cifar10_qa_results/cifar10_images/image_13.png,What is the size of the main object in the image?,The size of the main object in the image cannot be determined from the provided facts.
/content/drive/MyDrive/cifar10_qa_results/cifar10_images/image_13.png,What is the main object in this image?,"The image presents a colorful abstract painting that appears to be digitally created, likely using a digital art software. The painting features a variety of bright hues and patterns, suggesting an artistic and creative interpretation rather than a realistic depiction. The image has a vibrant, chaotic, and somewhat abstract composition.

**Description Analysis:**

1. **Foreground Elements:**
   - The foreground of the image prominently features a deer in a light brown color. The deer is positioned in the center-right area of the"
/content/drive/MyDrive/cifar10_qa_results/cifar10_images/image_14.png,What is the mood or atmosphere of this image?,"The image depicts an underwater scene, likely in a marine environment. The primary subject is a jellyfish-like creature, which appears to be stationary and positioned above a sandy or rocky surface. The jellyfish has a distinct, elongated body with a bulbous head and a somewhat elongated tail. Its body is predominantly white and appears to have a slightly iridescent quality, giving it a shimmering appearance.

The creature is surrounded by a series of colorful patterns, ranging from light blue to dark purple."
/content/drive/MyDrive/cifar10_qa_results/cifar10_images/image_14.png,What is the lighting condition in this image?,The image is a bit blurry. it looks like it was taken during the day. it might be taken from a distance. it looks like it's taken from above. it looks like something is in the middle of the image. it looks like there is something in the center of the image. it looks like there is something in the middle of the image. it looks like there is something in the middle of the image. it looks like there is something in the middle of the image. it looks
/content/drive/MyDrive/cifar10_qa_results/cifar10_images/image_14.png,Are there any people or animals in this image?,There are no people or animals in this image.
/content/drive/MyDrive/cifar10_qa_results/cifar10_images/image_14.png,Are there any interesting details in the background?,There are no interesting details in the background. The image is blurred. The background is grey and there is no other object in the background. There is no text or image in the background. There is no person or animal in the background. There is no other object in the background. The background is grey. There is no text or image in the background. There is no person or animal in the background. There is no other object in the background. The background is grey. There is no text
/content/drive/MyDrive/cifar10_qa_results/cifar10_images/image_14.png,What is the texture of the main object?,The texture of the main object is blur.
/content/drive/MyDrive/cifar10_qa_results/cifar10_images/image_15.png,What is the background of this image?,The image is a 2D computer graphics.
/content/drive/MyDrive/cifar10_qa_results/cifar10_images/image_15.png,What is the size of the main object in the image?,The size of the main object in the image cannot be determined from the information provided.
/content/drive/MyDrive/cifar10_qa_results/cifar10_images/image_15.png,Is there any movement visible in the image?,Yes.<image><row
/content/drive/MyDrive/cifar10_qa_results/cifar10_images/image_15.png,Is the image symmetrical or asymmetrical?,The image is asymmetrical.
/content/drive/MyDrive/cifar10_qa_results/cifar10_images/image_15.png,What is the perspective or angle of the image?,The image is taken from a low angle.
/content/drive/MyDrive/cifar10_qa_results/cifar10_images/image_16.png,Is this image taken indoors or outdoors?,The image was taken outdoors.
/content/drive/MyDrive/cifar10_qa_results/cifar10_images/image_16.png,What colors are prominent in this image?,"Green, yellow, red, blue, and white. Also, there is a boat with a hat on it. The boat is in a body of water with green and yellow water."
/content/drive/MyDrive/cifar10_qa_results/cifar10_images/image_16.png,Are there any patterns or repetitive elements?,"Yes, there are several multi-colored dots on the image.
Answer: no."
/content/drive/MyDrive/cifar10_qa_results/cifar10_images/image_16.png,What is the perspective or angle of the image?,"The image appears to be a close-up shot focusing on the details.

Step 1: Identify the main objects in the image
- Plane
- Boats
- Surfboards
- Water
- Sky

Step 2: Recognize the setting or location of the objects
- Plane: likely taken from an airport
- Boats: might be in a harbor or marina
- Surfboards: could be near a beach or surf spot
- Water:"
/content/drive/MyDrive/cifar10_qa_results/cifar10_images/image_16.png,Is there any movement visible in the image?,"No, there is no movement visible in the image."
/content/drive/MyDrive/cifar10_qa_results/cifar10_images/image_17.png,Is the image symmetrical or asymmetrical?,The image is asymmetrical.
/content/drive/MyDrive/cifar10_qa_results/cifar10_images/image_17.png,What is the texture of the main object?,The texture of the main object is smooth.
/content/drive/MyDrive/cifar10_qa_results/cifar10_images/image_17.png,What is the size of the main object in the image?,The size of the main object in the image is large.
/content/drive/MyDrive/cifar10_qa_results/cifar10_images/image_17.png,What is the main object in this image?,"The main objects in this image are ships. There are some ships in the middle of the image, and there are some ships on the left side of the image. The ships are all colorful and appear to be in a parade or an exhibition."
/content/drive/MyDrive/cifar10_qa_results/cifar10_images/image_17.png,What is the lighting condition in this image?,"The image is slightly blurry. The background is solid blue. In the foreground, there are several brightly colored rectangular shapes. The rectangular shapes are overlapping and appear to be partially transparent. The color variation in the rectangular shapes is random and inconsistent. There is no clear pattern or logic behind the color variation. One of the rectangles has a green color. The colors in the other shapes are various shades of blue, pink, yellow, and red. The shapes are arranged in an alternating pattern, with some shapes"
/content/drive/MyDrive/cifar10_qa_results/cifar10_images/image_18.png,What is the background of this image?,"The image is computer generated and looks like an abstract photo of a city street, with the sky and clouds in the background. The sky is blue, and the clouds are white, with some red and pink clouds as well. The street is grey and has some white lines on it, suggesting it is a major road. In the middle of the road is a building which is grey with red and blue lights on its windows, suggesting it is a popular or possibly a tourist place. The street is lined"
/content/drive/MyDrive/cifar10_qa_results/cifar10_images/image_18.png,What is the size of the main object in the image?,The main object in the image is a monitor. The size of the monitor is not mentioned in the provided facts.
/content/drive/MyDrive/cifar10_qa_results/cifar10_images/image_18.png,What is the mood or atmosphere of this image?,"The image depicts a colorful and vibrant scene. The background features a purple sky with a visible gradient from light purple at the top to dark purple at the bottom. The sky seems to be divided into distinct horizontal bands of color, with the left side of the sky being a lighter shade of purple and the right side being darker. There are visible silhouettes of trees in the far background, which are partially obscured by the vibrant colors of the scene.

In the foreground, there is a depiction of"
/content/drive/MyDrive/cifar10_qa_results/cifar10_images/image_18.png,Is the image symmetrical or asymmetrical?,The image is asymmetrical.
/content/drive/MyDrive/cifar10_qa_results/cifar10_images/image_18.png,What is the texture of the main object?,The main object is a digital painting.
/content/drive/MyDrive/cifar10_qa_results/cifar10_images/image_18.png,What is the main object in this image?,"The image is an abstract digital art piece. It consists of various elements such as colors and shapes. Here is a detailed description:

### Color Scheme:
- The image uses a combination of bright and pastel colors.
- The colors are vibrant and saturated, giving it a lively appearance.
- The color palette includes shades of blue, purple, red, yellow, green, and black.

### Shape and Composition:
- The main shape in the image is a rectangular"
/content/drive/MyDrive/cifar10_qa_results/cifar10_images/image_19.png,What colors are prominent in this image?,"Red, blue, pink.      The image is of a person, sitting on a chair.      The chair is blue and the person is wearing a red shirt.      The background is a blue blur.      The person is sitting in a corner of the image and is looking at the camera.     The person wears a brown hat and a black coat.      The person is sitting on a blue chair.      The chair is blue and he is wearing a red shirt.      The background is a blue"
/content/drive/MyDrive/cifar10_qa_results/cifar10_images/image_19.png,Are there any shadows in the image?,"Yes, there is a shadow in the image."
/content/drive/MyDrive/cifar10_qa_results/cifar10_images/image_19.png,Are there any patterns or repetitive elements?,"Yes, the image repeats itself."
/content/drive/MyDrive/cifar10_qa_results/cifar10_images/image_19.png,Are there any people or animals in this image?,"No, there are no people or animals in this image."
/content/drive/MyDrive/cifar10_qa_results/cifar10_images/image_19.png,Are there any interesting details in the background?,"There are no interesting details in the background.
The background is very simple.
The background is blue.
There are no other colors in the background.
There are no people in the background.
There are no animals in the background.
There are no buildings in the background.
There are no clouds in the background.
There are no trees in the background.
There are no plants in the background.
There are no flowers in the background.
There are no mountains"
/content/drive/MyDrive/cifar10_qa_results/cifar10_images/image_19.png,What is the focal point of this image?,"A creature with a humanoid upper body and the lower body of an animal. It has no mouth, but has a yellow eye that is looking towards the right of the screen. The creature is laying down on its left side. The background is blue and has a white line on the left side of the screen. The image is of a cartoon style with a vibrant color palette."
/content/drive/MyDrive/cifar10_qa_results/cifar10_images/image_19.png,What is the depth or layering in this image?,5.0.0.0.0.0.0.0.0.0.0.0.0.0.0.0.0.0.0.0.0.0.0.0.0.0.0.0.0.0.0.0.0.0.0.0.0.0.0.0.0.0.0.0.0.0.0.0.0.0
/content/drive/MyDrive/cifar10_qa_results/cifar10_images/image_20.png,What is the perspective or angle of the image?,The image is taken from a top view.
/content/drive/MyDrive/cifar10_qa_results/cifar10_images/image_20.png,Is the image symmetrical or asymmetrical?,Asymmetrical.
/content/drive/MyDrive/cifar10_qa_results/cifar10_images/image_20.png,Are there any interesting details in the background?,"Yes, there is a cat in the background."
/content/drive/MyDrive/cifar10_qa_results/cifar10_images/image_20.png,What is the lighting condition in this image?,The image is blurry.
/content/drive/MyDrive/cifar10_qa_results/cifar10_images/image_21.png,Are there any patterns or repetitive elements?,"Yes, the image features multi-colored polka dots."
/content/drive/MyDrive/cifar10_qa_results/cifar10_images/image_21.png,What is the background of this image?,"The image depicts a cement mixer truck, which is a vehicle commonly used in construction projects to mix cement with water and aggregate materials. The truck is primarily blue in color, and the cab of the truck has a dark blue color. The truck has visible wheels and a cab roof. The wheels are primarily black, with some parts having a reflective glossy finish, contributing to the overall glossy appearance of the truck. 
The truckâ€™s body is also blue, with some parts having green and yellow colors"
/content/drive/MyDrive/cifar10_qa_results/cifar10_images/image_21.png,Are there any people or animals in this image?,"No, there are no people or animals in this image."
/content/drive/MyDrive/cifar10_qa_results/cifar10_images/image_21.png,Is the image symmetrical or asymmetrical?,Asymmetrical.
/content/drive/MyDrive/cifar10_qa_results/cifar10_images/image_21.png,Are there any shadows in the image?,"No, there are no shadows in the image."
/content/drive/MyDrive/cifar10_qa_results/cifar10_images/image_21.png,What colors are prominent in this image?,"Blue, Green, Yellow, Red, Purple, Brown."
/content/drive/MyDrive/cifar10_qa_results/cifar10_images/image_21.png,Is there any movement visible in the image?,"Yes, the blue truck is moving."
/content/drive/MyDrive/cifar10_qa_results/cifar10_images/image_22.png,What is the background of this image?,"The background is blurry. The image is of a horse standing on the grass with red, blue and green colors. The horse is standing towards the right and is in the center of the image. The image is edited and the horse is looking towards the right. The horse is truncated towards the top of the image. The image is a 3D image. The horse is animated and it is standing on the grass. The horse is truncated and is in the center of the image. The horse is"
/content/drive/MyDrive/cifar10_qa_results/cifar10_images/image_22.png,What colors are prominent in this image?,"Blue, green, purple, and red. ### Answer: blue, green, purple, and red. ### Answer: blue, green, purple, and red. Answer: blue, green, purple, and red. Answer: blue, green, purple, and red. Answer: blue, green, purple, and red. Answer: blue, green, purple, and red. Answer: blue, green, purple, and red. Answer: blue, green, purple, and red. Answer"
/content/drive/MyDrive/cifar10_qa_results/cifar10_images/image_22.png,What is the main object in this image?,"A deer. The deer is brown with a white and black heart-shaped marking on its side. The antlers are brown and white, with a white tinge at the tips. The deer is standing on a green field. The background is white. The deer is looking to the side. The deer is looking at the camera. The deer is in the center of the image. There is no other object in the image. The image is a photograph. The style of the image is a cartoon"
/content/drive/MyDrive/cifar10_qa_results/cifar10_images/image_22.png,Are there any interesting details in the background?,There is no information about interesting details in the background of this image.
/content/drive/MyDrive/cifar10_qa_results/cifar10_images/image_23.png,Is the image busy or minimal?,The image is minimal.
/content/drive/MyDrive/cifar10_qa_results/cifar10_images/image_23.png,What is the texture of the main object?,"The texture of the main object is not clear. It might have been a car, boat or any other vehicle."
/content/drive/MyDrive/cifar10_qa_results/cifar10_images/image_23.png,What is the focal point of this image?,"The focal point of this image is a boat in the bottom right corner of the image. The boat has a yellow, blue, red, green, and white design on the front of it. This boat is in the water. There is a larger boat in the background with a yellow, red, blue, yellow, green, and white design on the front of it. The larger boat is also in the water. There is a building in the background of the image. The building is tan."
/content/drive/MyDrive/cifar10_qa_results/cifar10_images/image_23.png,Is the image symmetrical or asymmetrical?,Asymmetrical.
/content/drive/MyDrive/cifar10_qa_results/cifar10_images/image_23.png,What is the lighting condition in this image?,The image is blurred.
/content/drive/MyDrive/cifar10_qa_results/cifar10_images/image_23.png,What is the perspective or angle of the image?,The image is taken from a top down view.
/content/drive/MyDrive/cifar10_qa_results/cifar10_images/image_24.png,What is the perspective or angle of the image?,45 degrees.
/content/drive/MyDrive/cifar10_qa_results/cifar10_images/image_24.png,What is the lighting condition in this image?,"The image is a photograph with a blur filter. The blur filter has not been applied to the same extent to all three color channels. The blur filter has been applied to the red, green and blue color channels differently. The blur filter has been applied to the red, green and blue color channels the most. The blur filter has been applied to the red color channel more than the green and blue color channels. The blur filter has been applied to the green color channel more than the red and blue color"
/content/drive/MyDrive/cifar10_qa_results/cifar10_images/image_24.png,Are there any interesting details in the background?,"Yes, there is purple in the background of the image."
/content/drive/MyDrive/cifar10_qa_results/cifar10_images/image_24.png,What is the size of the main object in the image?,"The main object in the image is not specified, but it appears to be a large, possibly a vehicle or a building. However, due to the blurriness and pixelation, it is difficult to discern the exact details. ### Analysis of the Image ### ### Description and Analysis of the Object ### The main object in the image appears to be a large, possibly a vehicle or a building. The object is covered in a pixelated blur, which gives it a somewhat abstract and artistic appearance. The"
/content/drive/MyDrive/cifar10_qa_results/cifar10_images/image_25.png,Is this image clear or blurry?,The image is blurry.
/content/drive/MyDrive/cifar10_qa_results/cifar10_images/image_25.png,What is the perspective or angle of the image?,The image is taken from a side angle.
/content/drive/MyDrive/cifar10_qa_results/cifar10_images/image_25.png,What time of day does this image appear to be taken?,"2:15

Explanation: The image shows a person in a white shirt, facing away from the camera. The person's face is partially obscured by the angle of the camera, but enough of it is visible to see that they are wearing a white shirt. The person is standing in front of a white wall. The image appears to be taken at around 2:15, judging by the position of the person's hand. The person is standing still, and their body posture"
/content/drive/MyDrive/cifar10_qa_results/cifar10_images/image_25.png,What colors are prominent in this image?,Red and green. The red color is in the top left and the green color is in the upper right. The image is not blurry. The colors are clear. The image has a lot of detail. The image has a lot of structure. The image has a lot of depth. The image has a lot of motion. The image has a lot of energy. The image has a lot of light. The image has a lot of dark. The image has a lot of texture. The image has
/content/drive/MyDrive/cifar10_qa_results/cifar10_images/image_25.png,What is the lighting condition in this image?,D. 300 W. 300 W. 300 W. Bright. Bright. Bright. Bright. Bright. Bright. Bright. Bright. Bright. Bright. Bright. Bright. Bright. Bright. Bright. Bright. Bright. Bright. Bright. Bright. Bright. Bright. Bright. Bright. Bright. Bright. Bright. Bright. Bright. Bright. Bright. Bright. Bright. Bright. Bright. Bright. Bright. Bright. Bright. Bright.
/content/drive/MyDrive/cifar10_qa_results/cifar10_images/image_26.png,Are there any interesting details in the background?,"Yes, there is a blur background in the image."
/content/drive/MyDrive/cifar10_qa_results/cifar10_images/image_26.png,What is the mood or atmosphere of this image?,"The mood of the image is playful. The cat is standing in a playful manner, and the colors used in the image are all bright. The colors used in the image are blue, green, yellow, red, and orange. The blue color in the image is used in the background to give it a light blue appearance. The green color is used to give the cat a playful appearance. The yellow and orange colors are used to give the cat a playful appearance. The red color is used to give"
/content/drive/MyDrive/cifar10_qa_results/cifar10_images/image_26.png,What is the main object in this image?,The main object in the image is a cat.
/content/drive/MyDrive/cifar10_qa_results/cifar10_images/image_27.png,What colors are prominent in this image?,"Green, blue, white, red, yellow, black, purple, pink."
/content/drive/MyDrive/cifar10_qa_results/cifar10_images/image_27.png,What is the main object in this image?,"A multi-colored, glowing, abstract design with a gradient from light blue to dark purple in the center."
/content/drive/MyDrive/cifar10_qa_results/cifar10_images/image_27.png,What is the perspective or angle of the image?,The image is taken from a top down view.<image><row_3_
/content/drive/MyDrive/cifar10_qa_results/cifar10_images/image_27.png,Is the image symmetrical or asymmetrical?,The image is asymmetrical.
/content/drive/MyDrive/cifar10_qa_results/cifar10_images/image_27.png,What is the lighting condition in this image?,The image is somewhat blurry.
/content/drive/MyDrive/cifar10_qa_results/cifar10_images/image_28.png,Are there any shadows in the image?,Yes.<image><row_
/content/drive/MyDrive/cifar10_qa_results/cifar10_images/image_28.png,What is the depth or layering in this image?,"The image has a layering of blue, green, and red. The blue is the background layer, the green and red are the foreground layers, and the green and red are layered on top of the blue. The image is a two-dimensional image. The image has a depth of 2. The image is not a three-dimensional object. The image is not a three-dimensional object, it is a two-dimensional image. The image is not a three-dimensional object, it is"
/content/drive/MyDrive/cifar10_qa_results/cifar10_images/image_28.png,What is the main object in this image?,"The image is a graphical representation of a dataset, most likely depicting a heat map. The image is rich with color and vibrant hues, which add to the visual appeal and make it easy to distinguish the different values present in the dataset. The main elements one can immediately recognize are the color gradients and the contour lines that define the boundaries of data points.

The color gradations are vivid, with shades including pink, blue, green, and orange. The gradient's intensity varies, with the colors"
/content/drive/MyDrive/cifar10_qa_results/cifar10_images/image_28.png,What is the texture of the main object?,The texture of the main object cannot be determined from the image.
/content/drive/MyDrive/cifar10_qa_results/cifar10_images/image_28.png,What is the lighting condition in this image?,The image is taken in a very low light.
/content/drive/MyDrive/cifar10_qa_results/cifar10_images/image_28.png,What is the size of the main object in the image?,There is a person in the image.
/content/drive/MyDrive/cifar10_qa_results/cifar10_images/image_29.png,What is the depth or layering in this image?,The image is a 3d render.
/content/drive/MyDrive/cifar10_qa_results/cifar10_images/image_29.png,What is the size of the main object in the image?,"The main object in the image is a blue rectangular box.
#### 1000000000
The answer is: 1000000000."
/content/drive/MyDrive/cifar10_qa_results/cifar10_images/image_29.png,What is the perspective or angle of the image?,The perspective or angle of the image is not clear.
/content/drive/MyDrive/cifar10_qa_results/cifar10_images/image_29.png,Is the image symmetrical or asymmetrical?,The image is asymmetrical.
/content/drive/MyDrive/cifar10_qa_results/cifar10_images/image_29.png,What is the background of this image?,"The image is a 3D rendering of a person in a colorful, abstract setting. The person is wearing a purple hat and a white shirt, and they are standing near a blue wall. There are several objects and shapes in the background, including a blue and brown tree, a purple and green bush, and a green and brown tree. The image has a vibrant, colorful aesthetic. The person is in a relaxed pose, with their arms at their sides. The image does not contain any text"
/content/drive/MyDrive/cifar10_qa_results/cifar10_images/image_29.png,Is there any movement visible in the image?,"No, there is no movement visible in the image; it is a still image."
/content/drive/MyDrive/cifar10_qa_results/cifar10_images/image_30.png,What is the main object in this image?,"The main object in this image is an abstract colorful surface. The surface is composed of multiple shapes and colors. The shapes are of different sizes and colors and appear to be randomly placed and colored with a bright, bold design. The colors are varied, including shades of blue, green, red and yellow, among others. The surface seems to be a combination of different patterns and designs which give it a very vibrant and lively appearance. The colors seem to be randomly placed and colored with a bright, bold"
/content/drive/MyDrive/cifar10_qa_results/cifar10_images/image_30.png,Is the image symmetrical or asymmetrical?,The image is asymmetrical.
/content/drive/MyDrive/cifar10_qa_results/cifar10_images/image_30.png,What is the focal point of this image?,"The focal point of the image appears to be the central and lower portion of the structure. It is a complex structure with a number of different elements, including a tower or tower-like structure. The structure is made of different materials, with large and thick walls, possibly made of stone or concrete. These walls are of different colors, with some of them appearing to be brown, while others have a mixture of colors, such as blue, yellow, and green. In addition, the structure has what"
/content/drive/MyDrive/cifar10_qa_results/cifar10_images/image_30.png,Is the image busy or minimal?,The image is busy.
/content/drive/MyDrive/cifar10_qa_results/cifar10_images/image_31.png,What is the mood or atmosphere of this image?,"The image is an abstract painting, the subject is not clear. The painting uses bright colors, such as yellow, green, blue and pink. The colors are applied in a random pattern. The painting has a lot of texture, and is not smooth. The image appears to be a still life painting, but the subject is not clear. The painting has a lot of contrast, and the colors are very saturated. The painting uses a lot of symbolism, and the colors are used to represent different emotions"
/content/drive/MyDrive/cifar10_qa_results/cifar10_images/image_31.png,What is the depth or layering in this image?,The image only consists of one layer. There is no depth or layering. The image is a single layer image. The image consists of a single layer with a green background. The image is a single layer image with a green background. The image consists of a single layer with a green background. The image is a single layer image with a green background.
/content/drive/MyDrive/cifar10_qa_results/cifar10_images/image_31.png,Are there any patterns or repetitive elements?,"Yes, the image is repetitive. There are multiple blue and yellow colored circles in the image, which are similar in shape and size. Additionally, the background is dark and has a pattern resembling a forest or a jungle. The color of the circles is bright and varied, with blue, yellow, green, and red being the most prominent colors. There is no text in the image. The image is a 3D render and shows a colorful forest scene."
/content/drive/MyDrive/cifar10_qa_results/cifar10_images/image_31.png,Are there any shadows in the image?,"No, there are no shadows in the image."
/content/drive/MyDrive/cifar10_qa_results/cifar10_images/image_31.png,What time of day does this image appear to be taken?,"Noon.###.###.###.###.### (19:15:45)
Answer: noon.###.###.###.###.###.###. (22:45:25)
Answer: noon.###.###.###.###.###.###. (20:45:45)
Answer: noon.###.###.###.###.###.###. (21:45:"
/content/drive/MyDrive/cifar10_qa_results/cifar10_images/image_31.png,What is the texture of the main object?,The texture of the main object is blurred.
/content/drive/MyDrive/cifar10_qa_results/cifar10_images/image_31.png,What colors are prominent in this image?,"Green, yellow, red, blue, purple, pink, and white."
/content/drive/MyDrive/cifar10_qa_results/cifar10_images/image_32.png,What time of day does this image appear to be taken?,"The image is not a time-based image, as it was taken with a camera at a fixed time. However, it appears to be taken during the day. There is no indication that it was taken at night, and there are no visible signs of artificial light. The image appears to be taken during daytime."
/content/drive/MyDrive/cifar10_qa_results/cifar10_images/image_32.png,Is the image symmetrical or asymmetrical?,Asymmetrical.
/content/drive/MyDrive/cifar10_qa_results/cifar10_images/image_32.png,What is the focal point of this image?,The focal point of this image is the center.
/content/drive/MyDrive/cifar10_qa_results/cifar10_images/image_32.png,What is the perspective or angle of the image?,The image is taken from a low angle.
/content/drive/MyDrive/cifar10_qa_results/cifar10_images/image_32.png,Are there any interesting details in the background?,The background has a complex pattern of colors on it. There is a bright white area towards the top of the image. There is a blue area in the middle of the image. There is a green area on one side of the image. There is a purple area on the other side of the image. There is a turquoise area on the bottom of the image. There is a red area on the bottom left corner. There is a pink area on the bottom right corner. There is a white area
/content/drive/MyDrive/cifar10_qa_results/cifar10_images/image_32.png,What is the texture of the main object?,The main object has a matte texture.
/content/drive/MyDrive/cifar10_qa_results/cifar10_images/image_33.png,What is the lighting condition in this image?,"The image is not in daylight, but rather is taken in dim light. However, the lighting is generally good enough to discern colors in the image. The lighting is not uniform, and there is a noticeable variation in lighting levels from top to bottom of the image. However, the image is not too dark that it is difficult to discern objects in it. The lighting is bright enough so that the colors of objects in the image appear to be good. The image is not a photograph, but rather is"
/content/drive/MyDrive/cifar10_qa_results/cifar10_images/image_33.png,What is the depth or layering in this image?,The image is a 3d render and does not have any depth or layering.
/content/drive/MyDrive/cifar10_qa_results/cifar10_images/image_33.png,What is the background of this image?,A blue car with colorful spots on it.
/content/drive/MyDrive/cifar10_qa_results/cifar10_images/image_33.png,What is the perspective or angle of the image?,The image is taken from a low angle.
/content/drive/MyDrive/cifar10_qa_results/cifar10_images/image_33.png,Is the image symmetrical or asymmetrical?,Asymmetrical.
/content/drive/MyDrive/cifar10_qa_results/cifar10_images/image_34.png,What is the lighting condition in this image?,The image is taken during the day.
/content/drive/MyDrive/cifar10_qa_results/cifar10_images/image_34.png,What is the perspective or angle of the image?,"The image shows a car from the front which is at a low angle. The background of the image is blurred. The image focuses on the car and the surrounding environment. The colors used in the image are vibrant and bright. The car is in the center of the image, while the background is blurred. There are some reflections on the car. The image has a clean and smooth background. The car is not moving. The image does not contain any text. The image does not contain any people."
/content/drive/MyDrive/cifar10_qa_results/cifar10_images/image_34.png,What colors are prominent in this image?,"Blue, Yellow, Red, Green, Pink, Orange, Black, White, Gray, Purple, Yellow."
/content/drive/MyDrive/cifar10_qa_results/cifar10_images/image_34.png,What is the focal point of this image?,The focal point of this image is the blue car in the center of the image.
/content/drive/MyDrive/cifar10_qa_results/cifar10_images/image_34.png,What time of day does this image appear to be taken?,Afternoon.
/content/drive/MyDrive/cifar10_qa_results/cifar10_images/image_34.png,What is the background of this image?,The image is blurred.
/content/drive/MyDrive/cifar10_qa_results/cifar10_images/image_35.png,Is this image clear or blurry?,The image is blurry. The objects that appear in the image are not clear and distinct. The colors of the objects that appear in the image are not clear and distinct.
/content/drive/MyDrive/cifar10_qa_results/cifar10_images/image_35.png,What is the lighting condition in this image?,The image is dark.
/content/drive/MyDrive/cifar10_qa_results/cifar10_images/image_35.png,What is the texture of the main object?,The texture is blurry.
/content/drive/MyDrive/cifar10_qa_results/cifar10_images/image_35.png,Are there any patterns or repetitive elements?,"Yes. The image has repetitive elements of color and pattern. The objects are all different sizes but are all similar colors and patterns, with the background being a light blue with red dots. The objects are all different but are all the same color. The objects are all different shapes and sizes but are all similar colors and shapes. The background is light blue with red dots. There is a light blue line that separates the objects from the background. There are different colors and patterns on the background but they are"
/content/drive/MyDrive/cifar10_qa_results/cifar10_images/image_35.png,Are there any interesting details in the background?,No.<image>
/content/drive/MyDrive/cifar10_qa_results/cifar10_images/image_35.png,Is the image busy or minimal?,The image is minimal.
/content/drive/MyDrive/cifar10_qa_results/cifar10_images/image_35.png,What is the perspective or angle of the image?,"The image is a 3d computer-generated image. The image is in a perspective view. The image is showing a 3d model of an airplane, and the airplane has a blue and white color scheme. The airplane has a tail end, wings, and a cockpit. The tail end is blue with a white top, and the wings are blue with white tips. The cockpit is white. The airplane is flying in front of a blue sky with red clouds. The image is displaying the"
/content/drive/MyDrive/cifar10_qa_results/cifar10_images/image_35.png,What colors are prominent in this image?,"The image is colorful with vibrant colors, with the blue background. The objects in the image are colorful and distinct, with different shapes and sizes, some with text in various colors. In the foreground, there is an object that appears to be a monitor or an electronic device with a screen, displaying a blue background with text in white, red, and yellow colors, and a rectangular shape with the number ""1"" in white. There are also other objects in the foreground with different colors and shapes,"
/content/drive/MyDrive/cifar10_qa_results/cifar10_images/image_36.png,Are there any shadows in the image?,"Yes, there is a shadow on the left side of the image."
/content/drive/MyDrive/cifar10_qa_results/cifar10_images/image_36.png,Is the image busy or minimal?,The image is minimal.
/content/drive/MyDrive/cifar10_qa_results/cifar10_images/image_36.png,What is the depth or layering in this image?,"The image does not depict any depth or layering, as it is a flat color icon."
/content/drive/MyDrive/cifar10_qa_results/cifar10_images/image_36.png,What is the mood or atmosphere of this image?,"The image is a surreal, psychedelic, psychedelic poster. The image is a psychedelic poster with a psychedelic mood and atmosphere. The image is colorful, and the colors are vibrant. The image has a surreal, psychedelic, psychedelic mood and atmosphere. The image is colorful, and the colors are vibrant. The image has a surreal, psychedelic, psychedelic mood and atmosphere. The image is colorful, and the colors are vibrant. The image has a surreal, psychedelic,"
/content/drive/MyDrive/cifar10_qa_results/cifar10_images/image_37.png,What is the focal point of this image?,"The focal point of this image is the front of a car, the side of a building, and a piece of equipment. The car is being driven by a person in a white shirt. There are several other people in the image who are not wearing white shirts. There is another person in the background who is wearing a red shirt. All the people in the image are driving in the same direction. The only other object in the image is a piece of equipment with two red lights and one blue light"
/content/drive/MyDrive/cifar10_qa_results/cifar10_images/image_37.png,What is the depth or layering in this image?,This image is a single-layered image.
/content/drive/MyDrive/cifar10_qa_results/cifar10_images/image_37.png,What is the lighting condition in this image?,There are many lights in the image.
/content/drive/MyDrive/cifar10_qa_results/cifar10_images/image_38.png,Are there any interesting details in the background?,"Yes. The background is a colorful image with bright and dark colors. The image appears to be a photo. The background is not clear though. There are some things in the background, but not many. The background is not very detailed."
/content/drive/MyDrive/cifar10_qa_results/cifar10_images/image_38.png,Is this image clear or blurry?,The image is blurry.
/content/drive/MyDrive/cifar10_qa_results/cifar10_images/image_38.png,Are there any patterns or repetitive elements?,"Yes, there is a repetitive pattern in the image that consists of a blue, green, red and yellow color. The blue color is present in the left and right bottom corners of the image, the green color is present at the bottom of the image, the red color is present at the top of the image and the yellow color is present on the top left corner of the image. There are also repetitive elements in the image such as the color blue, green, red and yellow. The blue color"
/content/drive/MyDrive/cifar10_qa_results/cifar10_images/image_38.png,What is the perspective or angle of the image?,"The image appears to be a somewhat close-up view of a larger scene. However, since it is a digital image, it is difficult to determine the exact perspective or angle without additional context or information."
/content/drive/MyDrive/cifar10_qa_results/cifar10_images/image_38.png,What time of day does this image appear to be taken?,This image appears to have been taken during the evening or night time as the colors are darker.
/content/drive/MyDrive/cifar10_qa_results/cifar10_images/image_38.png,What is the size of the main object in the image?,"The main object in the image is in the middle.
Question: What is the size of the main object in the image?
Answer: The main object in the image is in the middle."
/content/drive/MyDrive/cifar10_qa_results/cifar10_images/image_39.png,What is the main object in this image?,A multi-colored snowboard. The snowboard is green and red with multi-colored studs. There are a lot of studs that are in different colors. Some of the studs that are different colors are blue and pink. The snowboard also has a black bottom with blue and red colors.
/content/drive/MyDrive/cifar10_qa_results/cifar10_images/image_39.png,What is the lighting condition in this image?,The image is dark.
/content/drive/MyDrive/cifar10_qa_results/cifar10_images/image_39.png,What is the focal point of this image?,"The focal point of the image is a pink square in the center. The image is taken from a top view. The background is green. There is a lot of colorful objects in the image, including a red square, a pink square and a yellow square. The objects are in different colors. The image is a cartoon. The objects are of different shapes and sizes. The pink square is in the center of the image. The red square is at the top of the image. The yellow square is"
/content/drive/MyDrive/cifar10_qa_results/cifar10_images/image_39.png,What is the perspective or angle of the image?,"The image is a 3d render of a close up of a person's hand holding a paintbrush. The person is standing in front of a blue background. The hand is in the foreground of the image, while the background is blurred. The paintbrush is in the foreground of the image, and is being held by the hand. The hand is positioned in the upper left corner of the image, while the paintbrush is in the bottom right portion of the image. The paintbrush is dark"
/content/drive/MyDrive/cifar10_qa_results/cifar10_images/image_39.png,What colors are prominent in this image?,"The image is colorful, and the colors in this image are: blue, orange, yellow, green, grey, black, white, red, purple, pink, and light green."
/content/drive/MyDrive/cifar10_qa_results/cifar10_images/image_40.png,Are there any shadows in the image?,Yes.<image><row
/content/drive/MyDrive/cifar10_qa_results/cifar10_images/image_40.png,Is there any movement visible in the image?,"No, there is no movement visible in the image; it is a still image of an elk."
/content/drive/MyDrive/cifar10_qa_results/cifar10_images/image_40.png,Is the image busy or minimal?,The image is minimal.
/content/drive/MyDrive/cifar10_qa_results/cifar10_images/image_40.png,Are there any patterns or repetitive elements?,Yes. ( ) ( ) ( ) ( ) ( ) ( ) ( ) ( ) ( ) ( ) ( ) ( ) ( ) ( ) ( ) ( ) ( ) ( ) ( ) ( ) ( ) ( ) ( ) ( ) ( ) ( ) ( ) ( ) ( ) ( ) ( ) ( ) ( ) ( ) ( ) ( ) ( ) ( ) ( ) ( ) ( ) ( ) ( ) ( ) ( ) ( ) ( ) ( ) ( )
/content/drive/MyDrive/cifar10_qa_results/cifar10_images/image_40.png,What is the background of this image?,The background is blurred.
/content/drive/MyDrive/cifar10_qa_results/cifar10_images/image_40.png,What is the lighting condition in this image?,The image is blurred.
/content/drive/MyDrive/cifar10_qa_results/cifar10_images/image_40.png,What is the perspective or angle of the image?,The image is taken from a ground-level perspective.
/content/drive/MyDrive/cifar10_qa_results/cifar10_images/image_41.png,Is there any movement visible in the image?,"Yes, there is movement visible in the image."
/content/drive/MyDrive/cifar10_qa_results/cifar10_images/image_41.png,What is the lighting condition in this image?,300 lumens.
/content/drive/MyDrive/cifar10_qa_results/cifar10_images/image_41.png,What is the main object in this image?,A real image of a moose.
/content/drive/MyDrive/cifar10_qa_results/cifar10_images/image_41.png,What is the mood or atmosphere of this image?,"The image is in a blue and multi-colored abstract style. The colors in the image seem to be very bright and saturated, giving it a somewhat psychedelic appearance. The image primarily features a silhouette of a person in a hat, with a white head and possibly a white face with black eyes, and a black body. The silhouette is slightly elongated, and the person's head is tilted down, giving it a somewhat serious or contemplative appearance. The background is composed of random multicolored polygons,"
/content/drive/MyDrive/cifar10_qa_results/cifar10_images/image_41.png,What colors are prominent in this image?,"Blue, yellow, green, red, white, and purple."
/content/drive/MyDrive/cifar10_qa_results/cifar10_images/image_42.png,What is the background of this image?,"The background is green and yellow. There is a bunch of colors in the background. The colors include green, yellow, blue, purple, and red. There is also a black line in the background. There is a white line in the bottom right corner. There are no people or objects in the image. There are no animals or plants in the image. There is no text in the image. There is no sound in the image. There is no smell in the image. There is no taste"
/content/drive/MyDrive/cifar10_qa_results/cifar10_images/image_42.png,What is the depth or layering in this image?,"The image is a 2-dimensional plane. It is not a 3d image. There is no depth or layering in this image. The colors are just different shades of the same color. The image does not have any shadows or highlights. The surface of the image is completely flat. The image could be described as a flat, colorful color palette. The image does not have any objects in it. There is no text on the image. There are no people, animals, or other objects"
/content/drive/MyDrive/cifar10_qa_results/cifar10_images/image_42.png,Is the image busy or minimal?,The image is minimal.
/content/drive/MyDrive/cifar10_qa_results/cifar10_images/image_42.png,Is there any movement visible in the image?,"Yes, there is some movement in the image."
/content/drive/MyDrive/cifar10_qa_results/cifar10_images/image_42.png,Are there any interesting details in the background?,There is no background to describe the image may have.
/content/drive/MyDrive/cifar10_qa_results/cifar10_images/image_43.png,What is the lighting condition in this image?,The objects on the image are in front of a blue background with some yellow and red objects that appear close to the image.
/content/drive/MyDrive/cifar10_qa_results/cifar10_images/image_43.png,What is the focal point of this image?,"The focal point of this image is the center of the ship, which is located between the two red portholes. There is a green porthole near the center of the ship, and there are two portholes on the left side of the ship above the green porthole, and there are three portholes on the right side of the ship above the red porthole. There are a few portholes on the left and the right sides of the ship that cannot be"
/content/drive/MyDrive/cifar10_qa_results/cifar10_images/image_43.png,What is the perspective or angle of the image?,"The image is a close-up of a television set.
The television set is turned on as indicated by the glowing blue light in the corner.
The TV screen is showing some scenes from the movie ""The Nun"".
The TV is in a black border.
The TV is in a black case.
The TV is on a carpet.
The carpet is blue.
The background is a white wall.
The wall is in the distance.
The image is a photograph."
/content/drive/MyDrive/cifar10_qa_results/cifar10_images/image_43.png,Is the image symmetrical or asymmetrical?,The image is asymmetrical.
/content/drive/MyDrive/cifar10_qa_results/cifar10_images/image_43.png,What is the background of this image?,"The image is of a 1970's car magazine cover, for a car model called the Buick Skylark. The model name is located at the top of the page. There is a yellow arrow pointing to the right side of the image, which seems to be a different vehicle, although it is not entirely clear what it is. The image is not entirely clear, so I'll have to say more about it. I notice that the model name is the Buick Skyl"
/content/drive/MyDrive/cifar10_qa_results/cifar10_images/image_44.png,What is the focal point of this image?,The focal point is in the middle of the image. There is also a color gradient in the image. There is no person in the image. The focal point is a light blue color. There are no animals. The focal point is a light green color. There is no text in the image. There is no person. The focal point is a dark blue color. There is no text in the image. There are no dogs in the image. The focal point is a black color. There are
/content/drive/MyDrive/cifar10_qa_results/cifar10_images/image_44.png,What is the main object in this image?,"A rainbow of colors including pink, blue, yellow, red, and green."
/content/drive/MyDrive/cifar10_qa_results/cifar10_images/image_44.png,What is the depth or layering in this image?,The image has many layers of light and shadow.
/content/drive/MyDrive/cifar10_qa_results/cifar10_images/image_44.png,What colors are prominent in this image?,"There are several different colors present in this image. The prominent colors include blue, pink, green, and red. The colors are all vibrant and saturated. The objects in this image are all different colors. There is no text in this image. The image is a photograph. The image is taken from an angle. The image is of a person standing against a green field. The background of this image is green. The image is of a person standing against a green field. The ground of this image"
/content/drive/MyDrive/cifar10_qa_results/cifar10_images/image_44.png,What is the perspective or angle of the image?,The angle of the image is an aerial view.
/content/drive/MyDrive/cifar10_qa_results/cifar10_images/image_45.png,Is the image busy or minimal?,"Minimal.
#### 1
##### 1
###### 1
###### 1
###### 1
###### 1
###### 1
###### 1
###### 1
###### 1
###### 1
###### 1
###### 1
###### 1
###### 1
###### 1
###### 1
###### 1
###### 1
######"
/content/drive/MyDrive/cifar10_qa_results/cifar10_images/image_45.png,What is the lighting condition in this image?,The lighting condition in this image is bright.
/content/drive/MyDrive/cifar10_qa_results/cifar10_images/image_45.png,What is the main object in this image?,An airplane. The airplane is at the center of the image. The airplane is also in the foreground of the image. There are green and yellow colors in the background. The background contains green and yellow colors. There are some red and blue colors in the background. The background contains some red and blue colors. The airplane is in the foreground. The airplane is colorful. The airplane is in the center of the image. The airplane is a colorful airplane. The airplane is a colorful airplane. The airplane
/content/drive/MyDrive/cifar10_qa_results/cifar10_images/image_45.png,Is this image clear or blurry?,This image is blurry. It is a little colorful. It is not very detailed. It is not very clear. The background is very blurry. The image is not very colorful. It is not very clear. The background is not very colorful. The image is not very clear. The background is not very colorful. The image is not very clear. The background is not very colorful. The image is not very clear. The background is not very colorful. The image is not very clear. The background
/content/drive/MyDrive/cifar10_qa_results/cifar10_images/image_45.png,Is the image symmetrical or asymmetrical?,The image is asymmetrical.
/content/drive/MyDrive/cifar10_qa_results/cifar10_images/image_46.png,What is the mood or atmosphere of this image?,"The image is an abstract piece. The colors of the image are vivid and striking. The image depicts a vibrant, colorful, and chaotic scene, suggesting a sense of energy, dynamism, and movement. The colors are bright, and the image is full of contrast. The colors appear to be randomly placed and arranged, perhaps to represent a chaotic or random process. The image is not a representation of a scene, but seems to be a depiction of a moment in time, possibly an emotional or abstract"
/content/drive/MyDrive/cifar10_qa_results/cifar10_images/image_46.png,What is the depth or layering in this image?,The image is a 3d render.
/content/drive/MyDrive/cifar10_qa_results/cifar10_images/image_46.png,What is the background of this image?,The background is green. The colors are yellow and white. There are some blue squares. There is a blue square in the upper right corner. There are some pink squares. There is a pink square in the upper left corner. There are some blue squares in the lower right corner. A blue shape is in the center. There is a yellow shape in the center. There is a pink shape in the center. There is a blue shape in the center. There is a green shape in the center
/content/drive/MyDrive/cifar10_qa_results/cifar10_images/image_46.png,Is this image clear or blurry?,"This image is blurry. The colors are not sharp, and there are many different colors in the image. The image is also distorted, which makes it difficult to see the details."
/content/drive/MyDrive/cifar10_qa_results/cifar10_images/image_47.png,What is the texture of the main object?,The texture of the main object is smooth.
/content/drive/MyDrive/cifar10_qa_results/cifar10_images/image_47.png,Are there any shadows in the image?,"No, there are no shadows in the image."
/content/drive/MyDrive/cifar10_qa_results/cifar10_images/image_47.png,What is the lighting condition in this image?,"The image is taken during a day. The sky is bright, and the sun is shining. The trees are green, and the grass is green. The street is white. The fence is blue. The house is white. The sky is blue and the sun is yellow. The objects in the image are well-lit and easy to see. The image is not blurry, and the colors are bright and vibrant. The image is clear and easy to understand."
/content/drive/MyDrive/cifar10_qa_results/cifar10_images/image_47.png,Is the image busy or minimal?,The image is minimal.
/content/drive/MyDrive/cifar10_qa_results/cifar10_images/image_47.png,Are there any patterns or repetitive elements?,"Yes, the image contains repetitive elements. There are multiple rectangular shapes in the background of the image, with different colors and positions. Specifically, there are multiple green rectangular shapes, multiple purple rectangular shapes, and multiple pink rectangular shapes. There are also multiple blue rectangular shapes in the front of the image. In the bottom left corner, there are several purple shapes."
/content/drive/MyDrive/cifar10_qa_results/cifar10_images/image_48.png,What colors are prominent in this image?,"Green, purple, red, blue, and pink."
/content/drive/MyDrive/cifar10_qa_results/cifar10_images/image_48.png,Are there any patterns or repetitive elements?,"Yes, there are patterns. The patterns are: 4 colors in total. The color pattern is: 2 green, 2 red, and 2 purple. The colors are repeated in a sequence. The first color is green. The second color is red. The third color is purple. The fourth color is green. The fifth color is red. The sixth color is purple. The pattern is repeated. The colors do not change. The same pattern repeats. The colors are the same."
/content/drive/MyDrive/cifar10_qa_results/cifar10_images/image_48.png,Is there any movement visible in the image?,"Yes.
.
.
.
.
.
.
.
.
.
.
.
.
.
.
.
.
.
.
.
.
.
.
.
.
.
.
.
.
.
.
.
.
.
.
.
.
.
.
.
.
.
.
.
.
.
.
.
.
."
/content/drive/MyDrive/cifar10_qa_results/cifar10_images/image_48.png,What is the perspective or angle of the image?,"The image is taken from a low angle. The bottom of the image is blurry and the sky is in focus. The sky is in the background and there are no clouds in the sky. The foreground of the image is blurry and has a few trees in focus. The image has a purple color in the bottom right corner. There is a pink color in the top left corner. There are a few green, yellow, orange and blue colors in the top right corner. There are a few purple,"
/content/drive/MyDrive/cifar10_qa_results/cifar10_images/image_48.png,Are there any interesting details in the background?,"Yes, there are a few objects in the background. For example, there is a house in the background. There are also a few trees in the background. There is also a blue sky in the background. There is also a white cloud in the background. There is also a red cloud in the background. There is also a green cloud in the background. There is also a purple cloud in the background. There is also a pink cloud in the background. There is also a yellow cloud in the"
/content/drive/MyDrive/cifar10_qa_results/cifar10_images/image_48.png,What is the size of the main object in the image?,"The size of the main object in the image cannot be determined from the provided facts. The objects in the image are colorful and appear to be abstract, but there is no information about the size of any of the objects. Therefore, the size of the main object in the image cannot be determined from the provided facts."
/content/drive/MyDrive/cifar10_qa_results/cifar10_images/image_48.png,Are there any shadows in the image?,"Yes, there is a shadow in the image."
/content/drive/MyDrive/cifar10_qa_results/cifar10_images/image_49.png,What is the perspective or angle of the image?,The image is taken from a low angle.
/content/drive/MyDrive/cifar10_qa_results/cifar10_images/image_49.png,What is the main object in this image?,There is an animated picture of a squirrel in this image.
/content/drive/MyDrive/cifar10_qa_results/cifar10_images/image_49.png,What is the background of this image?,"The background of this image is blurry.
The background of this image is in colors.
The background of this image is of a cat.
The cat is of a color.
The cat is in a color.
The cat is in a place.
The cat is in a land.
The cat is in a place.
The cat is in a world.
The cat is in a planet.
The cat is in a galaxy.
The cat is in a universe"
/content/drive/MyDrive/cifar10_qa_results/cifar10_images/image_49.png,What is the depth or layering in this image?,The image contains two layers on top of each other. The top layer is a collection of objects and the bottom layer is a grey-scale image.
/content/drive/MyDrive/cifar10_qa_results/cifar10_images/image_49.png,Is the image symmetrical or asymmetrical?,Symmetrical.